{
  "train_loss": [
    0.6988948120011224,
    0.6771762238608466,
    0.6617008381419711,
    0.6416062712669373,
    0.6214970250924429,
    0.6137114630805122,
    0.5965055922667185,
    0.5990044309033288,
    0.6024129125807021,
    0.5872705115212334,
    0.571463856432173,
    0.5483225749598609,
    0.5064831409189436,
    0.5323771205213335,
    0.49930016530884636,
    0.5141655140452914,
    0.4865877727667491,
    0.4890238775147332,
    0.49746669994460213,
    0.425680547952652,
    0.43935152226024204,
    0.4465811550617218,
    0.3547913697030809,
    0.43700821532143486,
    0.4508323156171375,
    0.3978731715016895,
    0.39754458599620396,
    0.411975665224923,
    0.41074106759495205,
    0.4009131325615777,
    0.4169478532340791,
    0.4027509358194139,
    0.3203936666250229,
    0.34440237614843583,
    0.36100978321499294,
    0.3360969838168886,
    0.34196384251117706,
    0.3855803625451194,
    0.3263944172196918,
    0.27405497597323525,
    0.2897331342101097,
    0.34790559609731037,
    0.45104039708773297,
    0.39974412818749744,
    0.3848969207869636,
    0.38290854626231724,
    0.31931330263614655,
    0.35188329882091945,
    0.3180190705590778,
    0.3691038257545895,
    0.32626743117968243,
    0.3441721366511451,
    0.30084457496802014,
    0.36381372147136265,
    0.2503010051118003,
    0.3198813647031784,
    0.2447696344719993,
    0.29121711519029403,
    0.22448981718884575,
    0.2681709263059828,
    0.256163804895348,
    0.3403973513179355,
    0.30429256624645656,
    0.27115395416816074,
    0.27737388677067226,
    0.2562179035610623,
    0.2659304125441445,
    0.2021329038672977
  ],
  "train_acc": [
    52.592592592592595,
    59.25925925925926,
    60.0,
    67.4074074074074,
    68.14814814814815,
    65.92592592592592,
    68.14814814814815,
    69.62962962962963,
    64.44444444444444,
    66.66666666666667,
    71.85185185185185,
    71.85185185185185,
    74.81481481481481,
    72.5925925925926,
    79.25925925925925,
    74.81481481481481,
    79.25925925925925,
    78.51851851851852,
    77.03703703703704,
    77.77777777777777,
    80.74074074074075,
    76.29629629629629,
    80.74074074074075,
    82.22222222222223,
    77.77777777777777,
    80.0,
    82.96296296296296,
    81.48148148148148,
    81.48148148148148,
    82.96296296296296,
    77.77777777777777,
    80.74074074074075,
    85.92592592592592,
    79.25925925925925,
    84.44444444444444,
    83.70370370370371,
    85.18518518518519,
    80.0,
    86.66666666666667,
    88.88888888888889,
    87.4074074074074,
    84.44444444444444,
    79.25925925925925,
    82.96296296296296,
    83.70370370370371,
    82.22222222222223,
    87.4074074074074,
    83.70370370370371,
    88.88888888888889,
    81.48148148148148,
    85.92592592592592,
    85.92592592592592,
    88.14814814814815,
    85.92592592592592,
    88.88888888888889,
    85.92592592592592,
    91.85185185185185,
    88.88888888888889,
    91.85185185185185,
    90.37037037037037,
    86.66666666666667,
    88.14814814814815,
    88.14814814814815,
    90.37037037037037,
    91.11111111111111,
    88.88888888888889,
    89.62962962962963,
    93.33333333333333
  ],
  "val_loss": [
    0.6924774249394735,
    0.6724887092908224,
    0.6770220398902893,
    0.6728382309277853,
    0.6875653664271036,
    0.6485479672749838,
    0.6418739358584086,
    0.6429358720779419,
    0.6264225641886393,
    0.5949332217375437,
    0.6179706454277039,
    0.6184907754262289,
    0.5874355932076772,
    0.5768702824910482,
    0.6204020877679189,
    0.5447532832622528,
    0.5337591667970022,
    0.5155057410399119,
    0.4979490637779236,
    0.5695359309514364,
    0.5273260275522867,
    0.5447167356808981,
    0.5332100888093313,
    0.5411627292633057,
    0.5131063560644785,
    0.4913322826226552,
    0.5025360981623331,
    0.5593061447143555,
    0.5207644999027252,
    0.5140271882216135,
    0.6569178700447083,
    0.6824383536974589,
    0.4558519124984741,
    0.40667925278345746,
    0.5276730457941691,
    0.5020004709561666,
    0.46788739164670307,
    0.37282098333040875,
    0.38481978078683216,
    0.46690618495146435,
    0.7239414652188619,
    0.5132959485054016,
    0.5840887228647867,
    0.5305252174536387,
    0.5530999203523,
    0.5877069731553396,
    0.6071988443533579,
    0.5831717054049174,
    0.5936173995335897,
    0.604441354672114,
    0.5565780699253082,
    0.5365485151608785,
    0.5439269542694092,
    0.53118963042895,
    0.5259169538815817,
    0.546757439772288,
    0.4893578092257182,
    0.5833176871140798,
    0.5063348114490509,
    0.520965983470281,
    0.5210452079772949,
    0.5532757739226023,
    0.5230336586634318,
    0.5405338505903879,
    0.5562388300895691,
    0.5642610788345337,
    0.6111855804920197,
    0.5896359582742056
  ],
  "val_acc": [
    37.142857142857146,
    45.714285714285715,
    51.42857142857143,
    51.42857142857143,
    45.714285714285715,
    45.714285714285715,
    48.57142857142857,
    62.857142857142854,
    62.857142857142854,
    60.0,
    54.285714285714285,
    57.142857142857146,
    62.857142857142854,
    62.857142857142854,
    48.57142857142857,
    60.0,
    65.71428571428571,
    68.57142857142857,
    62.857142857142854,
    71.42857142857143,
    60.0,
    62.857142857142854,
    65.71428571428571,
    60.0,
    57.142857142857146,
    62.857142857142854,
    68.57142857142857,
    65.71428571428571,
    74.28571428571429,
    74.28571428571429,
    65.71428571428571,
    54.285714285714285,
    62.857142857142854,
    82.85714285714286,
    65.71428571428571,
    68.57142857142857,
    74.28571428571429,
    77.14285714285714,
    80.0,
    65.71428571428571,
    48.57142857142857,
    60.0,
    54.285714285714285,
    68.57142857142857,
    62.857142857142854,
    57.142857142857146,
    54.285714285714285,
    62.857142857142854,
    54.285714285714285,
    51.42857142857143,
    62.857142857142854,
    65.71428571428571,
    71.42857142857143,
    65.71428571428571,
    68.57142857142857,
    62.857142857142854,
    65.71428571428571,
    62.857142857142854,
    68.57142857142857,
    68.57142857142857,
    62.857142857142854,
    62.857142857142854,
    71.42857142857143,
    71.42857142857143,
    74.28571428571429,
    62.857142857142854,
    60.0,
    65.71428571428571
  ]
}