{
  "train_loss": [
    0.6732211311658224,
    0.6460716327031454,
    0.642756978670756,
    0.6154497265815735,
    0.6010074019432068,
    0.6140232086181641,
    0.6176238059997559,
    0.5705650647481283,
    0.5855505069096884,
    0.5809293985366821,
    0.5621505777041117,
    0.5239012837409973,
    0.5420401295026144,
    0.4939637581507365,
    0.5032618343830109,
    0.46873748302459717,
    0.4269983967145284,
    0.4100337525208791,
    0.3822623093922933,
    0.387314905722936,
    0.3601497213045756,
    0.41306353112061817,
    0.3041236301263173,
    0.3099337617556254,
    0.35750946899255115,
    0.3023703147967656,
    0.2824227462212245,
    0.31900835533936817,
    0.25991706053415936,
    0.23041005432605743,
    0.3141755412022273
  ],
  "train_acc": [
    56.09756097560975,
    70.73170731707317,
    68.29268292682927,
    75.60975609756098,
    75.60975609756098,
    73.17073170731707,
    65.85365853658537,
    70.73170731707317,
    70.73170731707317,
    73.17073170731707,
    68.29268292682927,
    75.60975609756098,
    78.04878048780488,
    80.48780487804878,
    78.04878048780488,
    85.36585365853658,
    85.36585365853658,
    90.2439024390244,
    87.8048780487805,
    90.2439024390244,
    87.8048780487805,
    87.8048780487805,
    92.6829268292683,
    87.8048780487805,
    92.6829268292683,
    95.1219512195122,
    92.6829268292683,
    87.8048780487805,
    92.6829268292683,
    92.6829268292683,
    82.92682926829268
  ],
  "val_loss": [
    0.6788280010223389,
    0.6865701079368591,
    0.6989566087722778,
    0.7118183374404907,
    0.727358877658844,
    0.7352478504180908,
    0.7347455620765686,
    0.729943037033081,
    0.7341028451919556,
    0.7359579801559448,
    0.7354474663734436,
    0.7435166239738464,
    0.7574320435523987,
    0.7760470509529114,
    0.8017468452453613,
    0.8346410989761353,
    0.8638253211975098,
    0.9002705812454224,
    0.9334757328033447,
    0.955559253692627,
    0.9846205115318298,
    1.0172991752624512,
    1.0881422758102417,
    1.1364998817443848,
    1.181501030921936,
    1.2079920768737793,
    1.217954397201538,
    1.2188730239868164,
    1.2157249450683594,
    1.2282925844192505,
    1.2391859292984009
  ],
  "val_acc": [
    63.63636363636363,
    63.63636363636363,
    63.63636363636363,
    63.63636363636363,
    63.63636363636363,
    63.63636363636363,
    63.63636363636363,
    72.72727272727273,
    63.63636363636363,
    63.63636363636363,
    63.63636363636363,
    63.63636363636363,
    63.63636363636363,
    63.63636363636363,
    63.63636363636363,
    63.63636363636363,
    63.63636363636363,
    63.63636363636363,
    63.63636363636363,
    63.63636363636363,
    63.63636363636363,
    54.54545454545455,
    45.45454545454545,
    45.45454545454545,
    54.54545454545455,
    36.36363636363637,
    36.36363636363637,
    54.54545454545455,
    54.54545454545455,
    45.45454545454545,
    45.45454545454545
  ]
}