{
  "train_loss": [
    0.7277115782101949,
    0.7056961059570312,
    0.6531760891278585,
    0.6450571417808533,
    0.632278839747111,
    0.6173955003420512,
    0.5937603712081909,
    0.6093248128890991,
    0.594802459081014,
    0.5435391465822855,
    0.5168687800566355,
    0.5369974573453268,
    0.5011266469955444,
    0.4483775893847148,
    0.4644886553287506,
    0.40615766247113544,
    0.3744194606939952,
    0.3849630455176036,
    0.3297855854034424,
    0.3250402311484019,
    0.2855652670065562,
    0.31040968000888824,
    0.30175018807252246,
    0.2198064774274826,
    0.15541110187768936,
    0.22711066901683807,
    0.15648922324180603,
    0.23629674315452576,
    0.20542495946089426,
    0.15812590718269348,
    0.14598384002844492,
    0.11595978339513142,
    0.136406809091568,
    0.1000134249528249,
    0.10274093598127365,
    0.07980368410547574,
    0.08822163939476013,
    0.08042509357134502
  ],
  "train_acc": [
    43.90243902439025,
    51.21951219512195,
    53.65853658536585,
    53.65853658536585,
    56.09756097560975,
    51.21951219512195,
    46.34146341463415,
    51.21951219512195,
    53.65853658536585,
    56.09756097560975,
    63.41463414634146,
    56.09756097560975,
    60.97560975609756,
    68.29268292682927,
    65.85365853658537,
    80.48780487804878,
    78.04878048780488,
    82.92682926829268,
    87.8048780487805,
    92.6829268292683,
    90.2439024390244,
    80.48780487804878,
    90.2439024390244,
    97.5609756097561,
    100.0,
    90.2439024390244,
    97.5609756097561,
    92.6829268292683,
    97.5609756097561,
    97.5609756097561,
    97.5609756097561,
    95.1219512195122,
    95.1219512195122,
    97.5609756097561,
    100.0,
    100.0,
    100.0,
    97.5609756097561
  ],
  "val_loss": [
    0.6711680293083191,
    0.6696159839630127,
    0.6729261875152588,
    0.6732863783836365,
    0.672253429889679,
    0.6699455380439758,
    0.6607686877250671,
    0.6572336554527283,
    0.6595173478126526,
    0.6680101156234741,
    0.6766448020935059,
    0.6867411732673645,
    0.6989980936050415,
    0.718559741973877,
    0.7364650368690491,
    0.7557150721549988,
    0.7917439937591553,
    0.8341119289398193,
    0.8808589577674866,
    0.9320973753929138,
    0.9592893123626709,
    1.008599877357483,
    1.0581684112548828,
    1.0970722436904907,
    1.1498527526855469,
    1.1912801265716553,
    1.2567167282104492,
    1.3177318572998047,
    1.3760442733764648,
    1.4396514892578125,
    1.4370909929275513,
    1.440324068069458,
    1.4480303525924683,
    1.4862618446350098,
    1.5303009748458862,
    1.5866265296936035,
    1.620418906211853,
    1.6591126918792725
  ],
  "val_acc": [
    54.54545454545455,
    54.54545454545455,
    45.45454545454545,
    45.45454545454545,
    45.45454545454545,
    54.54545454545455,
    54.54545454545455,
    54.54545454545455,
    54.54545454545455,
    63.63636363636363,
    63.63636363636363,
    63.63636363636363,
    63.63636363636363,
    63.63636363636363,
    63.63636363636363,
    63.63636363636363,
    63.63636363636363,
    63.63636363636363,
    63.63636363636363,
    81.81818181818181,
    81.81818181818181,
    81.81818181818181,
    81.81818181818181,
    72.72727272727273,
    72.72727272727273,
    63.63636363636363,
    54.54545454545455,
    54.54545454545455,
    54.54545454545455,
    45.45454545454545,
    45.45454545454545,
    45.45454545454545,
    45.45454545454545,
    45.45454545454545,
    54.54545454545455,
    54.54545454545455,
    45.45454545454545,
    45.45454545454545
  ]
}