{
  "train_loss": [
    0.6624253590901693,
    0.53986566596561,
    0.5041579571035173,
    0.5054124527507358,
    0.4654552439848582,
    0.46651167670885724,
    0.42263400223520065,
    0.37534033258756,
    0.3684445569912593,
    0.39957939088344574,
    0.3205267969104979,
    0.26280931300587124,
    0.23115931202967963,
    0.23218619575103125,
    0.21967516342798868,
    0.23806185358100468,
    0.16150318748421139,
    0.21736983954906464,
    0.18931680503818724,
    0.18574993974632686,
    0.1760779751671685,
    0.12543125616179573,
    0.16270698482791582,
    0.16966660196582475,
    0.1035385150462389,
    0.13213024992081854,
    0.15670491589440239,
    0.18138753953907225,
    0.13123030381070244,
    0.12544921951161492,
    0.10528246023588711,
    0.11507780373924309,
    0.06836195559137398,
    0.06986323081784779,
    0.11613974223534267,
    0.09966849546051687,
    0.07690441856781642,
    0.06579534988850355,
    0.21080302591953012,
    0.06664017587900162,
    0.057826186219851174,
    0.05830261152651575,
    0.05865850858390331,
    0.09592174976650211,
    0.05959122803890043,
    0.035190042522218495,
    0.022337845630115934,
    0.05987933329823944,
    0.026358512540658314,
    0.0199108412489295,
    0.029631029297080305,
    0.057964497763249606,
    0.018911601251198187,
    0.020646509921385184,
    0.029140508837170072
  ],
  "train_acc": [
    52.857142857142854,
    65.71428571428571,
    67.14285714285714,
    66.42857142857143,
    68.57142857142857,
    67.85714285714286,
    72.14285714285714,
    78.57142857142857,
    77.14285714285714,
    75.0,
    83.57142857142857,
    86.42857142857143,
    88.57142857142857,
    86.42857142857143,
    87.85714285714286,
    85.71428571428571,
    87.85714285714286,
    91.42857142857143,
    88.57142857142857,
    93.57142857142857,
    90.71428571428571,
    92.14285714285714,
    94.28571428571429,
    90.71428571428571,
    95.71428571428571,
    96.42857142857143,
    92.85714285714286,
    89.28571428571429,
    92.85714285714286,
    94.28571428571429,
    97.14285714285714,
    96.42857142857143,
    99.28571428571429,
    97.14285714285714,
    94.28571428571429,
    95.0,
    97.14285714285714,
    97.85714285714286,
    94.28571428571429,
    98.57142857142857,
    98.57142857142857,
    98.57142857142857,
    97.85714285714286,
    97.85714285714286,
    97.14285714285714,
    99.28571428571429,
    100.0,
    99.28571428571429,
    100.0,
    100.0,
    99.28571428571429,
    97.85714285714286,
    100.0,
    100.0,
    99.28571428571429
  ],
  "val_loss": [
    0.6611348092556,
    0.6910289824008942,
    0.7133366862932841,
    0.6912420491377512,
    0.6649656593799591,
    0.6196403900782267,
    0.5920446415742239,
    0.6072885394096375,
    0.5693790713946024,
    0.5688542326291403,
    0.5486882925033569,
    0.5133291582266489,
    0.5247085640827814,
    0.5751557151476542,
    0.8332189718882242,
    0.591559906800588,
    0.6804159780343374,
    0.5099032272895178,
    0.4706023683150609,
    0.6020931601524353,
    0.624308447043101,
    0.5303456087907156,
    0.6194717188676199,
    0.5535545448462168,
    0.37268854677677155,
    0.3958422814806302,
    0.5069286152720451,
    0.6973731219768524,
    0.6563544521729151,
    0.5767240781957904,
    0.606164775788784,
    0.6708266229058305,
    0.6813216907903552,
    0.6908051433662573,
    0.7177521313230196,
    0.6623320360668004,
    0.6409013283749422,
    0.7206226587295532,
    0.7396206303189198,
    0.7066223373015722,
    0.7872781554857889,
    0.8301911105712255,
    0.8348121841748556,
    0.7371694594621658,
    0.7272918572028478,
    0.7728020350138346,
    0.8768486579259237,
    0.9102088809013367,
    0.9043113092581431,
    0.9102449218432108,
    0.9019608497619629,
    0.8922724723815918,
    0.8705672820409139,
    0.8863894244035085,
    0.8968242406845093
  ],
  "val_acc": [
    58.333333333333336,
    50.0,
    52.77777777777778,
    50.0,
    50.0,
    50.0,
    55.55555555555556,
    55.55555555555556,
    55.55555555555556,
    63.888888888888886,
    66.66666666666667,
    66.66666666666667,
    69.44444444444444,
    69.44444444444444,
    58.333333333333336,
    66.66666666666667,
    72.22222222222223,
    75.0,
    80.55555555555556,
    75.0,
    72.22222222222223,
    80.55555555555556,
    66.66666666666667,
    75.0,
    83.33333333333333,
    80.55555555555556,
    72.22222222222223,
    63.888888888888886,
    66.66666666666667,
    77.77777777777777,
    77.77777777777777,
    75.0,
    80.55555555555556,
    72.22222222222223,
    72.22222222222223,
    80.55555555555556,
    77.77777777777777,
    80.55555555555556,
    80.55555555555556,
    80.55555555555556,
    72.22222222222223,
    69.44444444444444,
    75.0,
    77.77777777777777,
    77.77777777777777,
    77.77777777777777,
    77.77777777777777,
    77.77777777777777,
    77.77777777777777,
    77.77777777777777,
    77.77777777777777,
    77.77777777777777,
    75.0,
    77.77777777777777,
    75.0
  ]
}