{
  "train_loss": [
    0.6826358967357211,
    0.5985404451688131,
    0.5657987528377109,
    0.5569671226872338,
    0.5183578564061059,
    0.5122986369662814,
    0.4498071571191152,
    0.3965941568215688,
    0.3890927881002426,
    0.3841332942247391,
    0.3138333972957399,
    0.29021748238139683,
    0.2679566890001297,
    0.22361974169810614,
    0.2782530337572098,
    0.24598765124877295,
    0.17632932878202862,
    0.1978398652540313,
    0.14008836779329512,
    0.2271971172756619,
    0.2194098581870397,
    0.15045495786600643,
    0.15253601306014591,
    0.11626475056012471,
    0.08676105737686157,
    0.1621215786370966,
    0.12220932667454083,
    0.12651640466517872,
    0.09561828565266398,
    0.11426252747575442,
    0.07304603026972877,
    0.09103328982988994,
    0.10659922762877411,
    0.07495468192630345,
    0.06098295748233795,
    0.09499595624705155,
    0.046904330866204366,
    0.05485720829003387,
    0.14432760038309628,
    0.07110547460615635,
    0.05610914114448759,
    0.06657206287814511
  ],
  "train_acc": [
    54.285714285714285,
    70.0,
    69.28571428571429,
    69.28571428571429,
    71.42857142857143,
    70.71428571428571,
    76.42857142857143,
    81.42857142857143,
    80.71428571428571,
    82.85714285714286,
    85.71428571428571,
    88.57142857142857,
    89.28571428571429,
    90.71428571428571,
    85.0,
    90.71428571428571,
    92.85714285714286,
    93.57142857142857,
    96.42857142857143,
    88.57142857142857,
    93.57142857142857,
    92.85714285714286,
    92.85714285714286,
    97.14285714285714,
    97.85714285714286,
    93.57142857142857,
    94.28571428571429,
    95.71428571428571,
    95.0,
    95.0,
    97.85714285714286,
    97.14285714285714,
    95.71428571428571,
    98.57142857142857,
    98.57142857142857,
    97.85714285714286,
    98.57142857142857,
    97.14285714285714,
    93.57142857142857,
    97.14285714285714,
    98.57142857142857,
    98.57142857142857
  ],
  "val_loss": [
    0.6954496304194132,
    0.7287653485933939,
    0.7377559343973795,
    0.7098742127418518,
    0.6694372196992239,
    0.6136688490708669,
    0.5786906878153483,
    0.5546252578496933,
    0.6283495227495829,
    0.5013719275593758,
    0.6694753567377726,
    0.44605470697085065,
    0.6664358278115591,
    0.663175493478775,
    0.7692400614420573,
    0.5713981638352076,
    0.6475391387939453,
    0.6554570719599724,
    0.5397618487477303,
    0.5319849389294783,
    0.7466450730959574,
    0.6917561093966166,
    0.6354423140486082,
    0.5642174780368805,
    0.6819375654061636,
    0.7809493442376455,
    0.6944290598233541,
    0.7359819610913595,
    0.8275135854880015,
    0.6588308494538069,
    0.7120933358867964,
    1.0231702327728271,
    0.8131808439890543,
    0.7568394045035044,
    0.8795927365620931,
    0.9263960123062134,
    0.9273445208867391,
    0.9280446569124857,
    0.8918106953303019,
    0.8611436486244202,
    0.8209598660469055,
    0.8727092742919922
  ],
  "val_acc": [
    47.22222222222222,
    52.77777777777778,
    47.22222222222222,
    52.77777777777778,
    55.55555555555556,
    58.333333333333336,
    61.111111111111114,
    72.22222222222223,
    69.44444444444444,
    75.0,
    69.44444444444444,
    80.55555555555556,
    69.44444444444444,
    72.22222222222223,
    63.888888888888886,
    77.77777777777777,
    69.44444444444444,
    77.77777777777777,
    77.77777777777777,
    75.0,
    72.22222222222223,
    72.22222222222223,
    77.77777777777777,
    80.55555555555556,
    77.77777777777777,
    75.0,
    77.77777777777777,
    77.77777777777777,
    72.22222222222223,
    77.77777777777777,
    77.77777777777777,
    66.66666666666667,
    72.22222222222223,
    77.77777777777777,
    75.0,
    77.77777777777777,
    77.77777777777777,
    75.0,
    75.0,
    77.77777777777777,
    77.77777777777777,
    77.77777777777777
  ]
}