{
  "train_loss": [
    0.5852649046315087,
    0.4712313777870602,
    0.4365781644980113,
    0.4417645037174225,
    0.40561900867356193,
    0.4069564872317844,
    0.3715004887845781,
    0.3345922182003657,
    0.3196044729815589,
    0.34729474120669895,
    0.2718844910462697,
    0.24552623596456316,
    0.2189779149161445,
    0.21012657715214622,
    0.23990657097763485,
    0.19709677497545877,
    0.16043931163019604,
    0.1874353223376804,
    0.16219284468226963,
    0.17267560751901734,
    0.17099542005194557,
    0.14281497047179276,
    0.185971237719059,
    0.20474069565534592,
    0.16528231650590897,
    0.19802487889925638,
    0.16354157444503573,
    0.14768370572063658,
    0.1385492127802637,
    0.13481846575935683,
    0.1256979045768579,
    0.12304132597313987,
    0.1324513711863094,
    0.0707605719152424,
    0.10038831022878487,
    0.12409356257153882,
    0.07430417752928203,
    0.06579436734318733,
    0.14251413527462217,
    0.11513819586899546,
    0.05861259624361992,
    0.0770379433201419,
    0.07175342676540215,
    0.09919965888063113,
    0.05106899845931265,
    0.05749997372428576,
    0.05287707793629832,
    0.06380513476000892,
    0.05146944895386696,
    0.05785537614590592,
    0.049388093459937304,
    0.056689048599865705,
    0.041256253918011986,
    0.041652180150979094,
    0.03337925827751557,
    0.028741331564055547
  ],
  "train_acc": [
    55.714285714285715,
    60.0,
    64.28571428571429,
    65.71428571428571,
    69.28571428571429,
    70.0,
    70.71428571428571,
    75.71428571428571,
    75.71428571428571,
    73.57142857142857,
    77.85714285714286,
    80.71428571428571,
    87.85714285714286,
    82.85714285714286,
    85.0,
    85.71428571428571,
    90.0,
    85.0,
    90.71428571428571,
    86.42857142857143,
    87.85714285714286,
    90.0,
    86.42857142857143,
    88.57142857142857,
    90.0,
    85.71428571428571,
    92.14285714285714,
    90.71428571428571,
    90.0,
    90.71428571428571,
    92.14285714285714,
    93.57142857142857,
    90.71428571428571,
    98.57142857142857,
    96.42857142857143,
    94.28571428571429,
    95.71428571428571,
    97.14285714285714,
    92.14285714285714,
    94.28571428571429,
    97.14285714285714,
    93.57142857142857,
    97.14285714285714,
    96.42857142857143,
    98.57142857142857,
    97.85714285714286,
    97.14285714285714,
    96.42857142857143,
    97.14285714285714,
    97.85714285714286,
    98.57142857142857,
    96.42857142857143,
    97.85714285714286,
    97.85714285714286,
    99.28571428571429,
    99.28571428571429
  ],
  "val_loss": [
    0.6056938668092092,
    0.6326835950215658,
    0.6559914648532867,
    0.6398125092188517,
    0.6200045148531595,
    0.5794679721196493,
    0.5584485232830048,
    0.580215722322464,
    0.5386716028054556,
    0.5194507340590159,
    0.43071983257929486,
    0.4273236095905304,
    0.5036317706108093,
    0.43338626623153687,
    0.8655577301979065,
    0.6947805086771647,
    0.6715142925580343,
    0.7193707227706909,
    0.6448029776414236,
    0.7142173846562704,
    0.7294456362724304,
    0.7196769316991171,
    0.6683468421300253,
    0.5223362247149149,
    0.3827929198741913,
    0.37881305317083996,
    0.4518028100331624,
    0.5960842370986938,
    0.6009827156861623,
    0.5265255073706309,
    0.5565352290868759,
    0.5160934329032898,
    0.45988042652606964,
    0.48993018735200167,
    0.5033295312896371,
    0.5895367960135142,
    0.46845637758572894,
    0.5456645290056864,
    0.5640178124109904,
    0.5964846163988113,
    0.6414739986260732,
    0.6488915681838989,
    0.5947133960823218,
    0.6342462496832013,
    0.5714325091491143,
    0.5437712756295999,
    0.5520435447494189,
    0.5938023030757904,
    0.6023255363106728,
    0.6202012946208318,
    0.634714829425017,
    0.625647476563851,
    0.6255865916609764,
    0.6379471272230148,
    0.6486605654160181,
    0.6521576978266239
  ],
  "val_acc": [
    58.333333333333336,
    58.333333333333336,
    55.55555555555556,
    52.77777777777778,
    55.55555555555556,
    55.55555555555556,
    55.55555555555556,
    52.77777777777778,
    55.55555555555556,
    58.333333333333336,
    61.111111111111114,
    69.44444444444444,
    72.22222222222223,
    80.55555555555556,
    63.888888888888886,
    63.888888888888886,
    72.22222222222223,
    75.0,
    72.22222222222223,
    69.44444444444444,
    66.66666666666667,
    63.888888888888886,
    63.888888888888886,
    66.66666666666667,
    77.77777777777777,
    80.55555555555556,
    83.33333333333333,
    77.77777777777777,
    75.0,
    83.33333333333333,
    83.33333333333333,
    80.55555555555556,
    86.11111111111111,
    86.11111111111111,
    86.11111111111111,
    83.33333333333333,
    83.33333333333333,
    83.33333333333333,
    83.33333333333333,
    72.22222222222223,
    72.22222222222223,
    72.22222222222223,
    83.33333333333333,
    83.33333333333333,
    83.33333333333333,
    83.33333333333333,
    83.33333333333333,
    83.33333333333333,
    83.33333333333333,
    83.33333333333333,
    83.33333333333333,
    83.33333333333333,
    83.33333333333333,
    83.33333333333333,
    83.33333333333333,
    83.33333333333333
  ]
}