{
  "train_loss": [
    0.6922698815663656,
    0.6679710745811462,
    0.6723032063908048,
    0.6457334491941664,
    0.6242609090275235,
    0.6135604315333896,
    0.6031795210308499,
    0.5930237902535332,
    0.5743501252598233,
    0.5289410650730133,
    0.5542149576875899,
    0.5647320449352264,
    0.49981150693363613,
    0.5089956985579597,
    0.4788809186882443,
    0.4660725212759442,
    0.47576026452912223,
    0.4548932479487525,
    0.43528682324621415,
    0.4205796867609024,
    0.39852551288074917,
    0.42645544475979275,
    0.3861117760340373,
    0.4392092890209622,
    0.4128023319774204,
    0.3677822599808375,
    0.3799074987570445,
    0.3689645611577564,
    0.3348364681005478,
    0.31840716633531785,
    0.3438892397615645,
    0.28748294048839146,
    0.39177434974246556,
    0.3281889715128475,
    0.3050696055094401,
    0.2618782967329025,
    0.33089494208494824,
    0.2837260241309802,
    0.3207858188284768,
    0.29270276261700523,
    0.3046732594569524,
    0.281627276705371,
    0.28616812659634483,
    0.273863994412952,
    0.2309862333867285,
    0.2542882685859998,
    0.2144210802184211,
    0.18814719882276323,
    0.23697690417369208,
    0.20307601822747123
  ],
  "train_acc": [
    57.142857142857146,
    50.714285714285715,
    62.857142857142854,
    64.28571428571429,
    69.28571428571429,
    65.0,
    64.28571428571429,
    66.42857142857143,
    74.28571428571429,
    77.85714285714286,
    72.85714285714286,
    70.71428571428571,
    77.14285714285714,
    80.0,
    79.28571428571429,
    79.28571428571429,
    77.85714285714286,
    82.14285714285714,
    82.14285714285714,
    83.57142857142857,
    81.42857142857143,
    83.57142857142857,
    82.14285714285714,
    81.42857142857143,
    83.57142857142857,
    85.71428571428571,
    85.0,
    85.71428571428571,
    87.14285714285714,
    86.42857142857143,
    86.42857142857143,
    88.57142857142857,
    85.71428571428571,
    86.42857142857143,
    88.57142857142857,
    92.14285714285714,
    88.57142857142857,
    90.0,
    86.42857142857143,
    88.57142857142857,
    87.14285714285714,
    87.85714285714286,
    90.71428571428571,
    89.28571428571429,
    91.42857142857143,
    89.28571428571429,
    92.14285714285714,
    95.0,
    92.14285714285714,
    92.85714285714286
  ],
  "val_loss": [
    0.7615643342336019,
    0.7599989175796509,
    0.7535613576571146,
    0.7409478823343912,
    0.737022876739502,
    0.767594575881958,
    0.7067896723747253,
    0.7031213839848837,
    0.6178133885065714,
    0.5808022419611613,
    0.5759657522042593,
    0.520606110493342,
    0.5460309783617655,
    0.7143193980058035,
    0.5438590745131174,
    0.6195423603057861,
    0.635022352139155,
    0.592699666817983,
    0.5368272165457407,
    0.5167800684769949,
    0.5296022891998291,
    0.5474235018094381,
    0.5682697296142578,
    0.5285219649473826,
    0.5248195131619772,
    0.5443703333536783,
    0.5548171599706014,
    0.5605470339457194,
    0.5738472143809,
    0.6087640325228373,
    0.6552094916502634,
    0.5953472455342611,
    0.5264710883299509,
    0.6043669780095419,
    0.6672348777453104,
    0.6718815068403879,
    0.6965201099713644,
    0.6021646658579508,
    0.6072373489538828,
    0.7710901896158854,
    0.761660655339559,
    0.6391446391741434,
    0.626434326171875,
    0.6532796621322632,
    0.6873503228028616,
    0.7039783596992493,
    0.7206729551156362,
    0.6836647987365723,
    0.6758742928504944,
    0.6825172106424967
  ],
  "val_acc": [
    38.888888888888886,
    44.44444444444444,
    44.44444444444444,
    47.22222222222222,
    50.0,
    50.0,
    61.111111111111114,
    61.111111111111114,
    61.111111111111114,
    66.66666666666667,
    75.0,
    80.55555555555556,
    72.22222222222223,
    63.888888888888886,
    75.0,
    75.0,
    69.44444444444444,
    72.22222222222223,
    75.0,
    75.0,
    69.44444444444444,
    69.44444444444444,
    72.22222222222223,
    72.22222222222223,
    75.0,
    72.22222222222223,
    69.44444444444444,
    69.44444444444444,
    66.66666666666667,
    63.888888888888886,
    66.66666666666667,
    69.44444444444444,
    72.22222222222223,
    69.44444444444444,
    69.44444444444444,
    69.44444444444444,
    69.44444444444444,
    72.22222222222223,
    72.22222222222223,
    69.44444444444444,
    69.44444444444444,
    72.22222222222223,
    75.0,
    75.0,
    72.22222222222223,
    72.22222222222223,
    69.44444444444444,
    72.22222222222223,
    72.22222222222223,
    72.22222222222223
  ]
}